State,Year,South,UnemPct,PresApprov
Alabama,1977,1,NA,NA
Alabama,1978,1,NA,NA
Alabama,1979,1,NA,NA
Alabama,1980,1,8.4,30
Alabama,1981,1,9.7,60
Alabama,1982,1,13.2,40
Alabama,1983,1,12.8,39
Alabama,1984,1,10.2,58
Alabama,1985,1,8.6,55
Alabama,1986,1,9.1,62
Alabama,1987,1,7.6,56
Alabama,1988,1,6.9,56
Alabama,1989,1,6.6,52
Alabama,1990,1,6.3,48
Alabama,1991,1,6.9,56
Alabama,1992,1,6.9,47
Alabama,1993,1,6.6,31
Alabama,1994,1,5.4,31
Alabama,1995,1,5.2,35
Alabama,1996,1,4.5,34
Alabama,1997,1,4.4,39
Alabama,1998,1,3.9,55
Alabama,1999,1,NA,NA
Alabama,2000,1,NA,NA
Alabama,2001,1,NA,NA
Alabama,2002,1,NA,NA
Alabama,2003,1,5.4,66
Alabama,2004,1,NA,NA
Alabama,2005,1,3.8,50
Alabama,2006,1,3.5,45
Alabama,2007,1,3.5,44
Alabama,2008,1,5,42
Alaska,1977,0,NA,NA
Alaska,1978,0,NA,NA
Alaska,1979,0,NA,NA
Alaska,1980,0,NA,NA
Alaska,1981,0,NA,NA
Alaska,1982,0,NA,NA
Alaska,1983,0,NA,NA
Alaska,1984,0,NA,NA
Alaska,1985,0,NA,NA
Alaska,1986,0,NA,NA
Alaska,1987,0,NA,NA
Alaska,1988,0,NA,NA
Alaska,1989,0,NA,NA
Alaska,1990,0,NA,NA
Alaska,1991,0,NA,NA
Alaska,1992,0,NA,NA
Alaska,1993,0,NA,NA
Alaska,1994,0,7.5,39
Alaska,1995,0,NA,NA
Alaska,1996,0,7.5,36
Alaska,1997,0,NA,NA
Alaska,1998,0,NA,NA
Alaska,1999,0,NA,NA
Alaska,2000,0,NA,NA
Alaska,2001,0,NA,NA
Alaska,2002,0,NA,NA
Alaska,2003,0,NA,NA
Alaska,2004,0,NA,NA
Alaska,2005,0,6.9,50
Alaska,2006,0,6.5,48
Alaska,2007,0,6.2,42
Alaska,2008,0,6.7,39
Arizona,1977,0,NA,NA
Arizona,1978,0,NA,NA
Arizona,1979,0,NA,NA
Arizona,1980,0,NA,NA
Arizona,1981,0,NA,NA
Arizona,1982,0,NA,NA
Arizona,1983,0,NA,NA
Arizona,1984,0,NA,NA
Arizona,1985,0,NA,NA
Arizona,1986,0,NA,NA
Arizona,1987,0,NA,NA
Arizona,1988,0,NA,NA
Arizona,1989,0,NA,NA
Arizona,1990,0,NA,NA
Arizona,1991,0,5.7,76
Arizona,1992,0,NA,NA
Arizona,1993,0,6.4,32
Arizona,1994,0,6.1,36
Arizona,1995,0,5.3,26
Arizona,1996,0,5.5,37
Arizona,1997,0,4.6,49
Arizona,1998,0,4.3,45
Arizona,1999,0,4.5,66
Arizona,2000,0,4,42
Arizona,2001,0,4.7,79
Arizona,2002,0,6,66
Arizona,2003,0,5.7,69
Arizona,2004,0,5,48
Arizona,2005,0,4.6,48
Arizona,2006,0,4.1,45
Arizona,2007,0,3.8,36
Arizona,2008,0,5.5,34
Arkansas,1977,1,NA,NA
Arkansas,1978,1,NA,NA
Arkansas,1979,1,NA,NA
Arkansas,1980,1,NA,NA
Arkansas,1981,1,NA,NA
Arkansas,1982,1,NA,NA
Arkansas,1983,1,NA,NA
Arkansas,1984,1,NA,NA
Arkansas,1985,1,NA,NA
Arkansas,1986,1,NA,NA
Arkansas,1987,1,NA,NA
Arkansas,1988,1,NA,NA
Arkansas,1989,1,NA,NA
Arkansas,1990,1,NA,NA
Arkansas,1991,1,7.2,63
Arkansas,1992,1,NA,NA
Arkansas,1993,1,6.1,39
Arkansas,1994,1,5.3,47
Arkansas,1995,1,4.8,38
Arkansas,1996,1,5.1,49
Arkansas,1997,1,5.1,54
Arkansas,1998,1,5,61
Arkansas,1999,1,NA,NA
Arkansas,2000,1,NA,NA
Arkansas,2001,1,4.7,87
Arkansas,2002,1,5.3,70
Arkansas,2003,1,5.8,47
Arkansas,2004,1,5.6,50
Arkansas,2005,1,5.1,38
Arkansas,2006,1,5.2,37
Arkansas,2007,1,5.1,30
Arkansas,2008,1,5.1,27
California,1977,0,8.3,53
California,1978,0,NA,NA
California,1979,0,NA,NA
California,1980,0,NA,NA
California,1981,0,7.4,64
California,1982,0,NA,NA
California,1983,0,NA,NA
California,1984,0,7.8,16
California,1985,0,NA,NA
California,1986,0,NA,NA
California,1987,0,NA,NA
California,1988,0,NA,NA
California,1989,0,5.1,42
California,1990,0,5.8,63
California,1991,0,7.8,82
California,1992,0,9.4,46
California,1993,0,9.5,49
California,1994,0,8.6,35
California,1995,0,7.9,41
California,1996,0,7.3,62
California,1997,0,6.4,61
California,1998,0,6,31
California,1999,0,5.3,60
California,2000,0,4.9,64
California,2001,0,5.4,74
California,2002,0,6.7,63
California,2003,0,6.8,56
California,2004,0,6.2,43
California,2005,0,5.4,33
California,2006,0,4.9,32
California,2007,0,5.4,25
California,2008,0,7.2,27
Colorado,1977,0,NA,NA
Colorado,1978,0,NA,NA
Colorado,1979,0,NA,NA
Colorado,1980,0,NA,NA
Colorado,1981,0,NA,NA
Colorado,1982,0,NA,NA
Colorado,1983,0,NA,NA
Colorado,1984,0,NA,NA
Colorado,1985,0,NA,NA
Colorado,1986,0,NA,NA
Colorado,1987,0,NA,NA
Colorado,1988,0,NA,NA
Colorado,1989,0,NA,NA
Colorado,1990,0,NA,NA
Colorado,1991,0,NA,NA
Colorado,1992,0,NA,NA
Colorado,1993,0,5.3,59
Colorado,1994,0,4.3,38
Colorado,1995,0,4,41
Colorado,1996,0,4.2,44
Colorado,1997,0,NA,NA
Colorado,1998,0,3.5,49
Colorado,1999,0,NA,NA
Colorado,2000,0,NA,NA
Colorado,2001,0,3.8,56
Colorado,2002,0,5.7,65
Colorado,2003,0,6.1,76
Colorado,2004,0,5.6,50
Colorado,2005,0,5.1,45
Colorado,2006,0,4.4,39
Colorado,2007,0,NA,NA
Colorado,2008,0,4.9,26
Connecticut,1977,0,NA,NA
Connecticut,1978,0,NA,NA
Connecticut,1979,0,NA,NA
Connecticut,1980,0,NA,NA
Connecticut,1981,0,NA,NA
Connecticut,1982,0,NA,NA
Connecticut,1983,0,NA,NA
Connecticut,1984,0,NA,NA
Connecticut,1985,0,NA,NA
Connecticut,1986,0,NA,NA
Connecticut,1987,0,NA,NA
Connecticut,1988,0,NA,NA
Connecticut,1989,0,NA,NA
Connecticut,1990,0,4.9,57
Connecticut,1991,0,6.5,57
Connecticut,1992,0,7.3,27
Connecticut,1993,0,6.4,45
Connecticut,1994,0,5.5,47
Connecticut,1995,0,5.3,33
Connecticut,1996,0,5.3,40
Connecticut,1997,0,NA,NA
Connecticut,1998,0,3.3,58
Connecticut,1999,0,NA,NA
Connecticut,2000,0,2.3,59
Connecticut,2001,0,3.1,87
Connecticut,2002,0,4.4,79
Connecticut,2003,0,5.5,60
Connecticut,2004,0,4.9,42
Connecticut,2005,0,4.9,40
Connecticut,2006,0,4.4,30
Connecticut,2007,0,4.6,24
Connecticut,2008,0,5.7,19
Delaware,1977,0,NA,NA
Delaware,1978,0,NA,NA
Delaware,1979,0,NA,NA
Delaware,1980,0,NA,NA
Delaware,1981,0,NA,NA
Delaware,1982,0,NA,NA
Delaware,1983,0,NA,NA
Delaware,1984,0,NA,NA
Delaware,1985,0,NA,NA
Delaware,1986,0,NA,NA
Delaware,1987,0,NA,NA
Delaware,1988,0,NA,NA
Delaware,1989,0,NA,NA
Delaware,1990,0,NA,NA
Delaware,1991,0,NA,NA
Delaware,1992,0,NA,NA
Delaware,1993,0,NA,NA
Delaware,1994,0,4.6,45
Delaware,1995,0,NA,NA
Delaware,1996,0,4.3,43
Delaware,1997,0,NA,NA
Delaware,1998,0,NA,NA
Delaware,1999,0,NA,NA
Delaware,2000,0,NA,NA
Delaware,2001,0,NA,NA
Delaware,2002,0,NA,NA
Delaware,2003,0,NA,NA
Delaware,2004,0,NA,NA
Delaware,2005,0,4,33
Delaware,2006,0,3.5,31
Delaware,2007,0,3.4,29
Delaware,2008,0,4.8,12
Florida,1977,1,NA,NA
Florida,1978,1,NA,NA
Florida,1979,1,6.1,40
Florida,1980,1,6.1,38
Florida,1981,1,6.8,37
Florida,1982,1,8.4,56
Florida,1983,1,8.5,43
Florida,1984,1,6.6,61
Florida,1985,1,6.2,64
Florida,1986,1,5.9,70
Florida,1987,1,5.4,62
Florida,1988,1,5.3,58
Florida,1989,1,NA,NA
Florida,1990,1,6.3,70
Florida,1991,1,7.6,59
Florida,1992,1,8.4,59
Florida,1993,1,7.2,32
Florida,1994,1,6.5,44
Florida,1995,1,5.7,32
Florida,1996,1,5.3,39
Florida,1997,1,5,42
Florida,1998,1,4.5,44
Florida,1999,1,NA,NA
Florida,2000,1,NA,NA
Florida,2001,1,4.7,56
Florida,2002,1,5.7,80
Florida,2003,1,5.3,54
Florida,2004,1,4.7,50
Florida,2005,1,3.8,40
Florida,2006,1,3.4,55
Florida,2007,1,4.1,34
Florida,2008,1,6.2,34
Georgia,1977,1,NA,NA
Georgia,1978,1,NA,NA
Georgia,1979,1,NA,NA
Georgia,1980,1,NA,NA
Georgia,1981,1,NA,NA
Georgia,1982,1,NA,NA
Georgia,1983,1,NA,NA
Georgia,1984,1,NA,NA
Georgia,1985,1,NA,NA
Georgia,1986,1,NA,NA
Georgia,1987,1,NA,NA
Georgia,1988,1,NA,NA
Georgia,1989,1,NA,NA
Georgia,1990,1,NA,NA
Georgia,1991,1,NA,NA
Georgia,1992,1,NA,NA
Georgia,1993,1,NA,NA
Georgia,1994,1,5.1,35
Georgia,1995,1,4.8,44
Georgia,1996,1,4.6,60
Georgia,1997,1,4.5,60
Georgia,1998,1,4.2,61
Georgia,1999,1,3.8,58
Georgia,2000,1,NA,NA
Georgia,2001,1,NA,NA
Georgia,2002,1,4.8,77
Georgia,2003,1,4.8,60
Georgia,2004,1,4.7,66
Georgia,2005,1,5.2,47
Georgia,2006,1,4.6,44
Georgia,2007,1,4.6,42
Georgia,2008,1,6.2,41
Hawaii,1977,0,NA,NA
Hawaii,1978,0,NA,NA
Hawaii,1979,0,NA,NA
Hawaii,1980,0,NA,NA
Hawaii,1981,0,NA,NA
Hawaii,1982,0,NA,NA
Hawaii,1983,0,NA,NA
Hawaii,1984,0,NA,NA
Hawaii,1985,0,NA,NA
Hawaii,1986,0,NA,NA
Hawaii,1987,0,NA,NA
Hawaii,1988,0,NA,NA
Hawaii,1989,0,NA,NA
Hawaii,1990,0,NA,NA
Hawaii,1991,0,NA,NA
Hawaii,1992,0,NA,NA
Hawaii,1993,0,NA,NA
Hawaii,1994,0,5.1,55
Hawaii,1995,0,5.5,38
Hawaii,1996,0,5.9,56
Hawaii,1997,0,5.8,56
Hawaii,1998,0,NA,NA
Hawaii,1999,0,NA,NA
Hawaii,2000,0,NA,NA
Hawaii,2001,0,NA,NA
Hawaii,2002,0,NA,NA
Hawaii,2003,0,NA,NA
Hawaii,2004,0,NA,NA
Hawaii,2005,0,2.7,41
Hawaii,2006,0,2.5,39
Hawaii,2007,0,NA,NA
Hawaii,2008,0,NA,NA
Idaho,1977,0,NA,NA
Idaho,1978,0,NA,NA
Idaho,1979,0,NA,NA
Idaho,1980,0,NA,NA
Idaho,1981,0,NA,NA
Idaho,1982,0,NA,NA
Idaho,1983,0,NA,NA
Idaho,1984,0,NA,NA
Idaho,1985,0,NA,NA
Idaho,1986,0,NA,NA
Idaho,1987,0,NA,NA
Idaho,1988,0,NA,NA
Idaho,1989,0,NA,NA
Idaho,1990,0,NA,NA
Idaho,1991,0,NA,NA
Idaho,1992,0,NA,NA
Idaho,1993,0,NA,NA
Idaho,1994,0,5.4,34
Idaho,1995,0,NA,NA
Idaho,1996,0,5.3,29
Idaho,1997,0,5.1,29
Idaho,1998,0,NA,NA
Idaho,1999,0,NA,NA
Idaho,2000,0,NA,NA
Idaho,2001,0,NA,NA
Idaho,2002,0,NA,NA
Idaho,2003,0,NA,NA
Idaho,2004,0,NA,NA
Idaho,2005,0,3.7,57
Idaho,2006,0,3,58
Idaho,2007,0,NA,NA
Idaho,2008,0,4.9,43
Illinois,1977,0,NA,NA
Illinois,1978,0,NA,NA
Illinois,1979,0,NA,NA
Illinois,1980,0,NA,NA
Illinois,1981,0,NA,NA
Illinois,1982,0,NA,NA
Illinois,1983,0,NA,NA
Illinois,1984,0,9.1,54
Illinois,1985,0,9.1,56
Illinois,1986,0,8.3,58
Illinois,1987,0,7.4,44
Illinois,1988,0,6.8,51
Illinois,1989,0,6.1,51
Illinois,1990,0,6.3,54
Illinois,1991,0,7.3,57
Illinois,1992,0,7.8,33
Illinois,1993,0,7.4,36
Illinois,1994,0,5.8,47
Illinois,1995,0,5.2,39
Illinois,1996,0,5.3,50
Illinois,1997,0,4.8,64
Illinois,1998,0,4.5,51
Illinois,1999,0,4.5,51
Illinois,2000,0,4.5,64
Illinois,2001,0,5.4,82
Illinois,2002,0,6.5,63
Illinois,2003,0,6.7,46
Illinois,2004,0,6.2,37
Illinois,2005,0,5.8,37
Illinois,2006,0,4.6,28
Illinois,2007,0,5.1,33
Illinois,2008,0,6.5,28
Indiana,1977,0,NA,NA
Indiana,1978,0,NA,NA
Indiana,1979,0,NA,NA
Indiana,1980,0,NA,NA
Indiana,1981,0,NA,NA
Indiana,1982,0,NA,NA
Indiana,1983,0,11.1,36
Indiana,1984,0,NA,NA
Indiana,1985,0,7.7,55
Indiana,1986,0,6.8,64
Indiana,1987,0,NA,NA
Indiana,1988,0,NA,NA
Indiana,1989,0,4.7,52
Indiana,1990,0,5,57
Indiana,1991,0,5.6,41
Indiana,1992,0,NA,NA
Indiana,1993,0,NA,NA
Indiana,1994,0,4.5,41
Indiana,1995,0,4.3,32
Indiana,1996,0,3.9,37
Indiana,1997,0,3.3,41
Indiana,1998,0,2.9,40
Indiana,1999,0,NA,NA
Indiana,2000,0,2.9,48
Indiana,2001,0,4.2,89
Indiana,2002,0,5.2,76
Indiana,2003,0,NA,NA
Indiana,2004,0,5.3,10
Indiana,2005,0,5.4,47
Indiana,2006,0,5,36
Indiana,2007,0,4.6,39
Indiana,2008,0,5.9,40
Iowa,1977,0,NA,NA
Iowa,1978,0,NA,NA
Iowa,1979,0,NA,NA
Iowa,1980,0,NA,NA
Iowa,1981,0,NA,NA
Iowa,1982,0,NA,NA
Iowa,1983,0,NA,NA
Iowa,1984,0,NA,NA
Iowa,1985,0,NA,NA
Iowa,1986,0,NA,NA
Iowa,1987,0,NA,NA
Iowa,1988,0,NA,NA
Iowa,1989,0,NA,NA
Iowa,1990,0,NA,NA
Iowa,1991,0,4.6,69
Iowa,1992,0,NA,NA
Iowa,1993,0,4.2,41
Iowa,1994,0,3.8,47
Iowa,1995,0,3.6,42
Iowa,1996,0,3.6,61
Iowa,1997,0,3.2,61
Iowa,1998,0,2.9,55
Iowa,1999,0,NA,NA
Iowa,2000,0,2.8,55
Iowa,2001,0,3.3,83
Iowa,2002,0,3.9,69
Iowa,2003,0,4.4,51
Iowa,2004,0,4.6,49
Iowa,2005,0,4.3,39
Iowa,2006,0,3.8,32
Iowa,2007,0,3.7,31
Iowa,2008,0,4.1,28
Kansas,1977,0,NA,NA
Kansas,1978,0,NA,NA
Kansas,1979,0,NA,NA
Kansas,1980,0,NA,NA
Kansas,1981,0,NA,NA
Kansas,1982,0,NA,NA
Kansas,1983,0,NA,NA
Kansas,1984,0,NA,NA
Kansas,1985,0,NA,NA
Kansas,1986,0,NA,NA
Kansas,1987,0,NA,NA
Kansas,1988,0,NA,NA
Kansas,1989,0,NA,NA
Kansas,1990,0,NA,NA
Kansas,1991,0,NA,NA
Kansas,1992,0,NA,NA
Kansas,1993,0,NA,NA
Kansas,1994,0,4.9,29
Kansas,1995,0,4.4,36
Kansas,1996,0,4.4,39
Kansas,1997,0,NA,NA
Kansas,1998,0,3.8,48
Kansas,1999,0,NA,NA
Kansas,2000,0,NA,NA
Kansas,2001,0,NA,NA
Kansas,2002,0,NA,NA
Kansas,2003,0,NA,NA
Kansas,2004,0,NA,NA
Kansas,2005,0,5.1,46
Kansas,2006,0,4.3,45
Kansas,2007,0,4.1,40
Kansas,2008,0,4.4,41
Kentucky,1977,1,NA,NA
Kentucky,1978,1,NA,NA
Kentucky,1979,1,NA,NA
Kentucky,1980,1,NA,NA
Kentucky,1981,1,NA,NA
Kentucky,1982,1,NA,NA
Kentucky,1983,1,NA,NA
Kentucky,1984,1,9.1,52
Kentucky,1985,1,9.1,49
Kentucky,1986,1,9.2,67
Kentucky,1987,1,8.3,44
Kentucky,1988,1,7.6,71
Kentucky,1989,1,6.5,50
Kentucky,1990,1,6.1,52
Kentucky,1991,1,7.4,54
Kentucky,1992,1,7,38
Kentucky,1993,1,6.4,36
Kentucky,1994,1,5.5,31
Kentucky,1995,1,5.6,42
Kentucky,1996,1,5.5,39
Kentucky,1997,1,5.4,47
Kentucky,1998,1,4.6,59
Kentucky,1999,1,NA,NA
Kentucky,2000,1,NA,NA
Kentucky,2001,1,5.2,91
Kentucky,2002,1,NA,NA
Kentucky,2003,1,6.3,65
Kentucky,2004,1,5.6,63
Kentucky,2005,1,6.1,42
Kentucky,2006,1,5.9,47
Kentucky,2007,1,5.5,35
Kentucky,2008,1,6.4,37
Louisiana,1977,1,NA,NA
Louisiana,1978,1,NA,NA
Louisiana,1979,1,NA,NA
Louisiana,1980,1,NA,NA
Louisiana,1981,1,NA,NA
Louisiana,1982,1,NA,NA
Louisiana,1983,1,NA,NA
Louisiana,1984,1,NA,NA
Louisiana,1985,1,NA,NA
Louisiana,1986,1,NA,NA
Louisiana,1987,1,NA,NA
Louisiana,1988,1,NA,NA
Louisiana,1989,1,NA,NA
Louisiana,1990,1,5.9,74
Louisiana,1991,1,6.9,76
Louisiana,1992,1,7.9,43
Louisiana,1993,1,7.4,33
Louisiana,1994,1,NA,NA
Louisiana,1995,1,6.7,38
Louisiana,1996,1,6.3,60
Louisiana,1997,1,NA,NA
Louisiana,1998,1,NA,NA
Louisiana,1999,1,4.7,65
Louisiana,2000,1,NA,NA
Louisiana,2001,1,NA,NA
Louisiana,2002,1,5.9,67
Louisiana,2003,1,6.2,65
Louisiana,2004,1,NA,NA
Louisiana,2005,1,6.7,51
Louisiana,2006,1,3.9,38
Louisiana,2007,1,NA,NA
Louisiana,2008,1,4.6,49
Maine,1977,0,NA,NA
Maine,1978,0,NA,NA
Maine,1979,0,NA,NA
Maine,1980,0,NA,NA
Maine,1981,0,NA,NA
Maine,1982,0,NA,NA
Maine,1983,0,NA,NA
Maine,1984,0,NA,NA
Maine,1985,0,NA,NA
Maine,1986,0,NA,NA
Maine,1987,0,NA,NA
Maine,1988,0,NA,NA
Maine,1989,0,NA,NA
Maine,1990,0,NA,NA
Maine,1991,0,NA,NA
Maine,1992,0,NA,NA
Maine,1993,0,NA,NA
Maine,1994,0,6.4,48
Maine,1995,0,NA,NA
Maine,1996,0,5.2,58
Maine,1997,0,NA,NA
Maine,1998,0,NA,NA
Maine,1999,0,NA,NA
Maine,2000,0,NA,NA
Maine,2001,0,NA,NA
Maine,2002,0,NA,NA
Maine,2003,0,5,41
Maine,2004,0,4.6,46
Maine,2005,0,4.9,35
Maine,2006,0,4.6,31
Maine,2007,0,4.6,29
Maine,2008,0,5.4,15
Maryland,1977,0,NA,NA
Maryland,1978,0,NA,NA
Maryland,1979,0,NA,NA
Maryland,1980,0,NA,NA
Maryland,1981,0,NA,NA
Maryland,1982,0,NA,NA
Maryland,1983,0,NA,NA
Maryland,1984,0,NA,NA
Maryland,1985,0,NA,NA
Maryland,1986,0,NA,NA
Maryland,1987,0,NA,NA
Maryland,1988,0,NA,NA
Maryland,1989,0,3.7,47
Maryland,1990,0,NA,NA
Maryland,1991,0,NA,NA
Maryland,1992,0,NA,NA
Maryland,1993,0,NA,NA
Maryland,1994,0,5.2,38
Maryland,1995,0,5.1,41
Maryland,1996,0,4.9,44
Maryland,1997,0,NA,NA
Maryland,1998,0,4.3,61
Maryland,1999,0,3.6,64
Maryland,2000,0,3.6,63
Maryland,2001,0,NA,NA
Maryland,2002,0,4.5,63
Maryland,2003,0,4.5,47
Maryland,2004,0,4.3,43
Maryland,2005,0,4.1,41
Maryland,2006,0,3.8,37
Maryland,2007,0,3.5,25
Maryland,2008,0,4.4,24
Massachusetts,1977,0,NA,NA
Massachusetts,1978,0,NA,NA
Massachusetts,1979,0,NA,NA
Massachusetts,1980,0,NA,NA
Massachusetts,1981,0,NA,NA
Massachusetts,1982,0,NA,NA
Massachusetts,1983,0,NA,NA
Massachusetts,1984,0,NA,NA
Massachusetts,1985,0,NA,NA
Massachusetts,1986,0,NA,NA
Massachusetts,1987,0,NA,NA
Massachusetts,1988,0,NA,NA
Massachusetts,1989,0,NA,NA
Massachusetts,1990,0,NA,NA
Massachusetts,1991,0,NA,NA
Massachusetts,1992,0,NA,NA
Massachusetts,1993,0,NA,NA
Massachusetts,1994,0,6.2,58
Massachusetts,1995,0,NA,NA
Massachusetts,1996,0,4.6,55
Massachusetts,1997,0,NA,NA
Massachusetts,1998,0,3.4,71
Massachusetts,1999,0,3.3,63
Massachusetts,2000,0,2.7,69
Massachusetts,2001,0,NA,NA
Massachusetts,2002,0,5.3,59
Massachusetts,2003,0,5.8,38
Massachusetts,2004,0,5.2,39
Massachusetts,2005,0,4.8,31
Massachusetts,2006,0,4.8,33
Massachusetts,2007,0,4.5,20
Massachusetts,2008,0,5.3,25
Michigan,1977,0,NA,NA
Michigan,1978,0,NA,NA
Michigan,1979,0,NA,NA
Michigan,1980,0,NA,NA
Michigan,1981,0,NA,NA
Michigan,1982,0,NA,NA
Michigan,1983,0,NA,NA
Michigan,1984,0,NA,NA
Michigan,1985,0,NA,NA
Michigan,1986,0,NA,NA
Michigan,1987,0,NA,NA
Michigan,1988,0,NA,NA
Michigan,1989,0,NA,NA
Michigan,1990,0,NA,NA
Michigan,1991,0,NA,NA
Michigan,1992,0,NA,NA
Michigan,1993,0,7.4,46
Michigan,1994,0,6.2,45
Michigan,1995,0,5.3,47
Michigan,1996,0,4.9,44
Michigan,1997,0,4.3,62
Michigan,1998,0,4,64
Michigan,1999,0,3.8,65
Michigan,2000,0,3.7,58
Michigan,2001,0,5.2,80
Michigan,2002,0,6.2,62
Michigan,2003,0,7.1,59
Michigan,2004,0,7.1,54
Michigan,2005,0,6.8,35
Michigan,2006,0,6.9,32
Michigan,2007,0,7.1,21
Michigan,2008,0,8.4,37
Minnesota,1977,0,NA,NA
Minnesota,1978,0,NA,NA
Minnesota,1979,0,NA,NA
Minnesota,1980,0,NA,NA
Minnesota,1981,0,NA,NA
Minnesota,1982,0,NA,NA
Minnesota,1983,0,NA,NA
Minnesota,1984,0,NA,NA
Minnesota,1985,0,NA,NA
Minnesota,1986,0,NA,NA
Minnesota,1987,0,NA,NA
Minnesota,1988,0,NA,NA
Minnesota,1989,0,NA,NA
Minnesota,1990,0,4.8,62
Minnesota,1991,0,5.2,73
Minnesota,1992,0,NA,NA
Minnesota,1993,0,NA,NA
Minnesota,1994,0,4.1,50
Minnesota,1995,0,3.7,41
Minnesota,1996,0,3.9,48
Minnesota,1997,0,NA,NA
Minnesota,1998,0,2.7,70
Minnesota,1999,0,2.8,71
Minnesota,2000,0,3.1,64
Minnesota,2001,0,3.8,53
Minnesota,2002,0,4.5,64
Minnesota,2003,0,4.9,61
Minnesota,2004,0,4.6,44
Minnesota,2005,0,4.2,34
Minnesota,2006,0,4.1,33
Minnesota,2007,0,4.6,29
Minnesota,2008,0,5.4,24
Mississippi,1977,1,NA,NA
Mississippi,1978,1,NA,NA
Mississippi,1979,1,NA,NA
Mississippi,1980,1,NA,NA
Mississippi,1981,1,8.7,57
Mississippi,1982,1,11.5,46
Mississippi,1983,1,NA,NA
Mississippi,1984,1,10.8,59
Mississippi,1985,1,NA,NA
Mississippi,1986,1,12.1,58
Mississippi,1987,1,NA,NA
Mississippi,1988,1,8.7,69
Mississippi,1989,1,NA,NA
Mississippi,1990,1,7.7,64
Mississippi,1991,1,NA,NA
Mississippi,1992,1,8.3,51
Mississippi,1993,1,NA,NA
Mississippi,1994,1,NA,NA
Mississippi,1995,1,6.5,30
Mississippi,1996,1,6.3,38
Mississippi,1997,1,NA,NA
Mississippi,1998,1,NA,NA
Mississippi,1999,1,NA,NA
Mississippi,2000,1,5.7,46
Mississippi,2001,1,NA,NA
Mississippi,2002,1,NA,NA
Mississippi,2003,1,NA,NA
Mississippi,2004,1,6.3,51
Mississippi,2005,1,7.8,49
Mississippi,2006,1,6.8,49
Mississippi,2007,1,NA,NA
Mississippi,2008,1,6.9,33
Missouri,1977,0,NA,NA
Missouri,1978,0,NA,NA
Missouri,1979,0,NA,NA
Missouri,1980,0,NA,NA
Missouri,1981,0,NA,NA
Missouri,1982,0,NA,NA
Missouri,1983,0,NA,NA
Missouri,1984,0,NA,NA
Missouri,1985,0,NA,NA
Missouri,1986,0,NA,NA
Missouri,1987,0,NA,NA
Missouri,1988,0,NA,NA
Missouri,1989,0,NA,NA
Missouri,1990,0,NA,NA
Missouri,1991,0,NA,NA
Missouri,1992,0,NA,NA
Missouri,1993,0,NA,NA
Missouri,1994,0,4.9,35
Missouri,1995,0,NA,NA
Missouri,1996,0,4.7,40
Missouri,1997,0,NA,NA
Missouri,1998,0,NA,NA
Missouri,1999,0,NA,NA
Missouri,2000,0,3.3,55
Missouri,2001,0,NA,NA
Missouri,2002,0,5.2,63
Missouri,2003,0,5.6,60
Missouri,2004,0,5.8,53
Missouri,2005,0,5.4,39
Missouri,2006,0,4.8,37
Missouri,2007,0,5.1,36
Missouri,2008,0,6.1,31
Montana,1977,0,NA,NA
Montana,1978,0,NA,NA
Montana,1979,0,NA,NA
Montana,1980,0,NA,NA
Montana,1981,0,NA,NA
Montana,1982,0,NA,NA
Montana,1983,0,NA,NA
Montana,1984,0,NA,NA
Montana,1985,0,NA,NA
Montana,1986,0,NA,NA
Montana,1987,0,NA,NA
Montana,1988,0,NA,NA
Montana,1989,0,NA,NA
Montana,1990,0,NA,NA
Montana,1991,0,NA,NA
Montana,1992,0,NA,NA
Montana,1993,0,NA,NA
Montana,1994,0,5.5,27
Montana,1995,0,5.4,35
Montana,1996,0,5.5,44
Montana,1997,0,5.3,39
Montana,1998,0,5.6,41
Montana,1999,0,5.3,41
Montana,2000,0,4.8,43
Montana,2001,0,4.5,84
Montana,2002,0,4.5,70
Montana,2003,0,4.3,60
Montana,2004,0,4,56
Montana,2005,0,3.7,50
Montana,2006,0,3.3,43
Montana,2007,0,3.4,32
Montana,2008,0,4.5,28
Nebraska,1977,0,NA,NA
Nebraska,1978,0,NA,NA
Nebraska,1979,0,NA,NA
Nebraska,1980,0,NA,NA
Nebraska,1981,0,NA,NA
Nebraska,1982,0,NA,NA
Nebraska,1983,0,NA,NA
Nebraska,1984,0,NA,NA
Nebraska,1985,0,NA,NA
Nebraska,1986,0,NA,NA
Nebraska,1987,0,NA,NA
Nebraska,1988,0,NA,NA
Nebraska,1989,0,NA,NA
Nebraska,1990,0,NA,NA
Nebraska,1991,0,2.6,71
Nebraska,1992,0,NA,NA
Nebraska,1993,0,NA,NA
Nebraska,1994,0,2.6,39
Nebraska,1995,0,2.6,40
Nebraska,1996,0,2.8,44
Nebraska,1997,0,NA,NA
Nebraska,1998,0,2.5,44
Nebraska,1999,0,NA,NA
Nebraska,2000,0,2.8,42
Nebraska,2001,0,NA,NA
Nebraska,2002,0,NA,NA
Nebraska,2003,0,NA,NA
Nebraska,2004,0,NA,NA
Nebraska,2005,0,3.9,60
Nebraska,2006,0,3,55
Nebraska,2007,0,2.9,41
Nebraska,2008,0,3.3,21
Nevada,1977,0,NA,NA
Nevada,1978,0,NA,NA
Nevada,1979,0,NA,NA
Nevada,1980,0,NA,NA
Nevada,1981,0,NA,NA
Nevada,1982,0,NA,NA
Nevada,1983,0,NA,NA
Nevada,1984,0,NA,NA
Nevada,1985,0,NA,NA
Nevada,1986,0,NA,NA
Nevada,1987,0,NA,NA
Nevada,1988,0,NA,NA
Nevada,1989,0,NA,NA
Nevada,1990,0,NA,NA
Nevada,1991,0,NA,NA
Nevada,1992,0,NA,NA
Nevada,1993,0,6.8,39
Nevada,1994,0,6.1,33
Nevada,1995,0,NA,NA
Nevada,1996,0,5.2,46
Nevada,1997,0,4.5,38
Nevada,1998,0,4.4,49
Nevada,1999,0,NA,NA
Nevada,2000,0,4.5,56
Nevada,2001,0,NA,NA
Nevada,2002,0,NA,NA
Nevada,2003,0,NA,NA
Nevada,2004,0,4.4,50
Nevada,2005,0,4.5,37
Nevada,2006,0,4.3,34
Nevada,2007,0,4.7,34
Nevada,2008,0,6.7,23
NewHampshire,1977,0,NA,NA
NewHampshire,1978,0,NA,NA
NewHampshire,1979,0,NA,NA
NewHampshire,1980,0,NA,NA
NewHampshire,1981,0,NA,NA
NewHampshire,1982,0,NA,NA
NewHampshire,1983,0,NA,NA
NewHampshire,1984,0,NA,NA
NewHampshire,1985,0,NA,NA
NewHampshire,1986,0,NA,NA
NewHampshire,1987,0,NA,NA
NewHampshire,1988,0,NA,NA
NewHampshire,1989,0,NA,NA
NewHampshire,1990,0,NA,NA
NewHampshire,1991,0,7.3,76
NewHampshire,1992,0,NA,NA
NewHampshire,1993,0,6.3,31
NewHampshire,1994,0,4.7,48
NewHampshire,1995,0,4,44
NewHampshire,1996,0,3.7,50
NewHampshire,1997,0,3.1,33
NewHampshire,1998,0,2.9,72
NewHampshire,1999,0,2.8,60
NewHampshire,2000,0,2.7,59
NewHampshire,2001,0,3.4,92
NewHampshire,2002,0,4.5,72
NewHampshire,2003,0,4.5,63
NewHampshire,2004,0,3.9,46
NewHampshire,2005,0,3.6,36
NewHampshire,2006,0,3.5,36
NewHampshire,2007,0,3.5,17
NewHampshire,2008,0,3.8,16
NewJersey,1977,0,NA,NA
NewJersey,1978,0,NA,NA
NewJersey,1979,0,NA,NA
NewJersey,1980,0,NA,NA
NewJersey,1981,0,NA,NA
NewJersey,1982,0,NA,NA
NewJersey,1983,0,8,49
NewJersey,1984,0,6.2,46
NewJersey,1985,0,5.6,58
NewJersey,1986,0,5,63
NewJersey,1987,0,4.1,57
NewJersey,1988,0,3.8,63
NewJersey,1989,0,4.1,55
NewJersey,1990,0,5.1,60
NewJersey,1991,0,6.8,69
NewJersey,1992,0,8.5,NA
NewJersey,1993,0,7.6,28
NewJersey,1994,0,6.8,40
NewJersey,1995,0,6.5,33
NewJersey,1996,0,6.2,57
NewJersey,1997,0,5.3,57
NewJersey,1998,0,4.6,66
NewJersey,1999,0,4.5,61
NewJersey,2000,0,3.7,62
NewJersey,2001,0,4.3,88
NewJersey,2002,0,5.8,64
NewJersey,2003,0,5.9,44
NewJersey,2004,0,4.9,43
NewJersey,2005,0,4.5,37
NewJersey,2006,0,4.6,29
NewJersey,2007,0,4.3,27
NewJersey,2008,0,5.5,26
NewMexico,1977,0,NA,NA
NewMexico,1978,0,NA,NA
NewMexico,1979,0,NA,NA
NewMexico,1980,0,NA,NA
NewMexico,1981,0,NA,NA
NewMexico,1982,0,NA,NA
NewMexico,1983,0,NA,NA
NewMexico,1984,0,NA,NA
NewMexico,1985,0,NA,NA
NewMexico,1986,0,NA,NA
NewMexico,1987,0,NA,NA
NewMexico,1988,0,NA,NA
NewMexico,1989,0,NA,NA
NewMexico,1990,0,NA,NA
NewMexico,1991,0,NA,NA
NewMexico,1992,0,7.5,23
NewMexico,1993,0,7.3,41
NewMexico,1994,0,6.6,30
NewMexico,1995,0,6.8,25
NewMexico,1996,0,7.5,40
NewMexico,1997,0,6.6,44
NewMexico,1998,0,6.2,49
NewMexico,1999,0,5.6,43
NewMexico,2000,0,5,52
NewMexico,2001,0,NA,NA
NewMexico,2002,0,NA,NA
NewMexico,2003,0,5.9,52
NewMexico,2004,0,5.8,49
NewMexico,2005,0,5.2,39
NewMexico,2006,0,4.2,41
NewMexico,2007,0,3.5,30
NewMexico,2008,0,4.2,32
NewYork,1977,0,NA,NA
NewYork,1978,0,NA,NA
NewYork,1979,0,NA,NA
NewYork,1980,0,NA,NA
NewYork,1981,0,NA,NA
NewYork,1982,0,NA,NA
NewYork,1983,0,NA,NA
NewYork,1984,0,NA,NA
NewYork,1985,0,NA,NA
NewYork,1986,0,NA,NA
NewYork,1987,0,NA,NA
NewYork,1988,0,NA,NA
NewYork,1989,0,NA,NA
NewYork,1990,0,NA,NA
NewYork,1991,0,7.3,53
NewYork,1992,0,NA,NA
NewYork,1993,0,7.9,33
NewYork,1994,0,6.9,48
NewYork,1995,0,6.4,49
NewYork,1996,0,6.3,56
NewYork,1997,0,6.5,57
NewYork,1998,0,5.7,65
NewYork,1999,0,5.2,93
NewYork,2000,0,4.5,65
NewYork,2001,0,4.9,82
NewYork,2002,0,6.2,51
NewYork,2003,0,6.4,43
NewYork,2004,0,5.8,40
NewYork,2005,0,5,27
NewYork,2006,0,4.6,24
NewYork,2007,0,4.5,26
NewYork,2008,0,5.4,24
NorthCarolina,1977,0,NA,NA
NorthCarolina,1978,0,NA,NA
NorthCarolina,1979,0,NA,NA
NorthCarolina,1980,0,NA,NA
NorthCarolina,1981,0,6.6,61
NorthCarolina,1982,0,9.5,46
NorthCarolina,1983,0,8.9,56
NorthCarolina,1984,0,6.8,63
NorthCarolina,1985,0,NA,NA
NorthCarolina,1986,0,NA,NA
NorthCarolina,1987,0,NA,NA
NorthCarolina,1988,0,3.7,92
NorthCarolina,1989,0,NA,NA
NorthCarolina,1990,0,NA,NA
NorthCarolina,1991,0,5.9,39
NorthCarolina,1992,0,6.2,44
NorthCarolina,1993,0,5.2,35
NorthCarolina,1994,0,4.4,41
NorthCarolina,1995,0,4.4,35
NorthCarolina,1996,0,4.4,37
NorthCarolina,1997,0,NA,NA
NorthCarolina,1998,0,3.5,46
NorthCarolina,1999,0,3.3,45
NorthCarolina,2000,0,3.7,44
NorthCarolina,2001,0,5.6,53
NorthCarolina,2002,0,6.6,63
NorthCarolina,2003,0,6.5,67
NorthCarolina,2004,0,5.5,50
NorthCarolina,2005,0,5.3,46
NorthCarolina,2006,0,4.8,39
NorthCarolina,2007,0,4.7,36
NorthCarolina,2008,0,6.3,36
NorthDakota,1977,0,NA,NA
NorthDakota,1978,0,NA,NA
NorthDakota,1979,0,NA,NA
NorthDakota,1980,0,NA,NA
NorthDakota,1981,0,NA,NA
NorthDakota,1982,0,NA,NA
NorthDakota,1983,0,NA,NA
NorthDakota,1984,0,NA,NA
NorthDakota,1985,0,NA,NA
NorthDakota,1986,0,NA,NA
NorthDakota,1987,0,NA,NA
NorthDakota,1988,0,NA,NA
NorthDakota,1989,0,NA,NA
NorthDakota,1990,0,NA,NA
NorthDakota,1991,0,NA,NA
NorthDakota,1992,0,NA,NA
NorthDakota,1993,0,NA,NA
NorthDakota,1994,0,NA,NA
NorthDakota,1995,0,NA,NA
NorthDakota,1996,0,3.2,36
NorthDakota,1997,0,NA,NA
NorthDakota,1998,0,NA,NA
NorthDakota,1999,0,NA,NA
NorthDakota,2000,0,2.9,52
NorthDakota,2001,0,NA,NA
NorthDakota,2002,0,NA,NA
NorthDakota,2003,0,NA,NA
NorthDakota,2004,0,3.5,50
NorthDakota,2005,0,3.4,51
NorthDakota,2006,0,3.2,47
NorthDakota,2007,0,NA,NA
NorthDakota,2008,0,3.2,34
Ohio,1977,0,NA,NA
Ohio,1978,0,NA,NA
Ohio,1979,0,NA,NA
Ohio,1980,0,NA,NA
Ohio,1981,0,NA,NA
Ohio,1982,0,NA,NA
Ohio,1983,0,NA,NA
Ohio,1984,0,NA,NA
Ohio,1985,0,NA,NA
Ohio,1986,0,NA,NA
Ohio,1987,0,NA,NA
Ohio,1988,0,6.1,51
Ohio,1989,0,NA,NA
Ohio,1990,0,NA,NA
Ohio,1991,0,NA,NA
Ohio,1992,0,NA,NA
Ohio,1993,0,6.7,56
Ohio,1994,0,5.6,50
Ohio,1995,0,4.9,46
Ohio,1996,0,5,42
Ohio,1997,0,4.6,58
Ohio,1998,0,4.3,62
Ohio,1999,0,4.3,56
Ohio,2000,0,4,56
Ohio,2001,0,4.4,60
Ohio,2002,0,5.7,71
Ohio,2003,0,6.2,55
Ohio,2004,0,6.1,49
Ohio,2005,0,5.9,36
Ohio,2006,0,5.4,34
Ohio,2007,0,5.6,35
Ohio,2008,0,6.5,29
Oklahoma,1977,1,NA,NA
Oklahoma,1978,1,NA,NA
Oklahoma,1979,1,NA,NA
Oklahoma,1980,1,NA,NA
Oklahoma,1981,1,NA,NA
Oklahoma,1982,1,NA,NA
Oklahoma,1983,1,NA,NA
Oklahoma,1984,1,NA,NA
Oklahoma,1985,1,NA,NA
Oklahoma,1986,1,NA,NA
Oklahoma,1987,1,NA,NA
Oklahoma,1988,1,NA,NA
Oklahoma,1989,1,NA,NA
Oklahoma,1990,1,NA,NA
Oklahoma,1991,1,6.2,76
Oklahoma,1992,1,NA,NA
Oklahoma,1993,1,6,31
Oklahoma,1994,1,5.6,30
Oklahoma,1995,1,4.6,33
Oklahoma,1996,1,4.2,46
Oklahoma,1997,1,NA,NA
Oklahoma,1998,1,4.4,59
Oklahoma,1999,1,3.6,53
Oklahoma,2000,1,3.1,46
Oklahoma,2001,1,3.7,89
Oklahoma,2002,1,4.8,86
Oklahoma,2003,1,NA,NA
Oklahoma,2004,1,NA,NA
Oklahoma,2005,1,4.5,51
Oklahoma,2006,1,4.1,45
Oklahoma,2007,1,4.1,47
Oklahoma,2008,1,3.8,40
Oregon,1977,0,NA,NA
Oregon,1978,0,NA,NA
Oregon,1979,0,NA,NA
Oregon,1980,0,NA,NA
Oregon,1981,0,NA,NA
Oregon,1982,0,NA,NA
Oregon,1983,0,NA,NA
Oregon,1984,0,NA,NA
Oregon,1985,0,NA,NA
Oregon,1986,0,NA,NA
Oregon,1987,0,NA,NA
Oregon,1988,0,NA,NA
Oregon,1989,0,NA,NA
Oregon,1990,0,NA,NA
Oregon,1991,0,NA,NA
Oregon,1992,0,NA,NA
Oregon,1993,0,NA,NA
Oregon,1994,0,5.5,48
Oregon,1995,0,4.9,46
Oregon,1996,0,5.6,52
Oregon,1997,0,NA,NA
Oregon,1998,0,NA,NA
Oregon,1999,0,NA,NA
Oregon,2000,0,5.1,55
Oregon,2001,0,NA,NA
Oregon,2002,0,7.6,50
Oregon,2003,0,NA,NA
Oregon,2004,0,7.3,45
Oregon,2005,0,6.2,43
Oregon,2006,0,5.3,37
Oregon,2007,0,5.1,32
Oregon,2008,0,6.4,32
Pennsylvania,1977,0,NA,NA
Pennsylvania,1978,0,NA,NA
Pennsylvania,1979,0,NA,NA
Pennsylvania,1980,0,NA,NA
Pennsylvania,1981,0,NA,NA
Pennsylvania,1982,0,NA,NA
Pennsylvania,1983,0,NA,NA
Pennsylvania,1984,0,NA,NA
Pennsylvania,1985,0,NA,NA
Pennsylvania,1986,0,NA,NA
Pennsylvania,1987,0,NA,NA
Pennsylvania,1988,0,NA,NA
Pennsylvania,1989,0,NA,NA
Pennsylvania,1990,0,NA,NA
Pennsylvania,1991,0,NA,NA
Pennsylvania,1992,0,NA,NA
Pennsylvania,1993,0,NA,NA
Pennsylvania,1994,0,6.3,46
Pennsylvania,1995,0,NA,NA
Pennsylvania,1996,0,5.4,51
Pennsylvania,1997,0,5.1,51
Pennsylvania,1998,0,4.6,60
Pennsylvania,1999,0,NA,NA
Pennsylvania,2000,0,4.2,57
Pennsylvania,2001,0,NA,NA
Pennsylvania,2002,0,5.6,68
Pennsylvania,2003,0,5.7,67
Pennsylvania,2004,0,5.4,51
Pennsylvania,2005,0,5,34
Pennsylvania,2006,0,4.5,39
Pennsylvania,2007,0,4.4,23
Pennsylvania,2008,0,5.4,30
RhodeIsland,1977,0,NA,NA
RhodeIsland,1978,0,NA,NA
RhodeIsland,1979,0,NA,NA
RhodeIsland,1980,0,NA,NA
RhodeIsland,1981,0,NA,NA
RhodeIsland,1982,0,NA,NA
RhodeIsland,1983,0,NA,NA
RhodeIsland,1984,0,NA,NA
RhodeIsland,1985,0,NA,NA
RhodeIsland,1986,0,NA,NA
RhodeIsland,1987,0,NA,NA
RhodeIsland,1988,0,NA,NA
RhodeIsland,1989,0,NA,NA
RhodeIsland,1990,0,NA,NA
RhodeIsland,1991,0,NA,NA
RhodeIsland,1992,0,8.8,16
RhodeIsland,1993,0,7.9,38
RhodeIsland,1994,0,6.8,34
RhodeIsland,1995,0,6.2,40
RhodeIsland,1996,0,5.3,55
RhodeIsland,1997,0,5.2,52
RhodeIsland,1998,0,4.6,64
RhodeIsland,1999,0,4.2,69
RhodeIsland,2000,0,4.2,64
RhodeIsland,2001,0,NA,NA
RhodeIsland,2002,0,5.1,75
RhodeIsland,2003,0,5.4,45
RhodeIsland,2004,0,5.2,36
RhodeIsland,2005,0,5.1,30
RhodeIsland,2006,0,5,20
RhodeIsland,2007,0,5.2,16
RhodeIsland,2008,0,7.8,11
SouthCarolina,1977,1,NA,NA
SouthCarolina,1978,1,NA,NA
SouthCarolina,1979,1,NA,NA
SouthCarolina,1980,1,NA,NA
SouthCarolina,1981,1,NA,NA
SouthCarolina,1982,1,NA,NA
SouthCarolina,1983,1,NA,NA
SouthCarolina,1984,1,NA,NA
SouthCarolina,1985,1,NA,NA
SouthCarolina,1986,1,NA,NA
SouthCarolina,1987,1,NA,NA
SouthCarolina,1988,1,NA,NA
SouthCarolina,1989,1,NA,NA
SouthCarolina,1990,1,NA,NA
SouthCarolina,1991,1,NA,NA
SouthCarolina,1992,1,NA,NA
SouthCarolina,1993,1,NA,NA
SouthCarolina,1994,1,6,30
SouthCarolina,1995,1,5.1,32
SouthCarolina,1996,1,5.6,35
SouthCarolina,1997,1,4.4,37
SouthCarolina,1998,1,3.6,42
SouthCarolina,1999,1,NA,NA
SouthCarolina,2000,1,3.6,50
SouthCarolina,2001,1,NA,NA
SouthCarolina,2002,1,NA,NA
SouthCarolina,2003,1,NA,NA
SouthCarolina,2004,1,NA,NA
SouthCarolina,2005,1,6.7,44
SouthCarolina,2006,1,6.3,39
SouthCarolina,2007,1,5.6,70
SouthCarolina,2008,1,6.9,68
SouthDakota,1977,0,NA,NA
SouthDakota,1978,0,NA,NA
SouthDakota,1979,0,NA,NA
SouthDakota,1980,0,NA,NA
SouthDakota,1981,0,NA,NA
SouthDakota,1982,0,NA,NA
SouthDakota,1983,0,NA,NA
SouthDakota,1984,0,NA,NA
SouthDakota,1985,0,NA,NA
SouthDakota,1986,0,NA,NA
SouthDakota,1987,0,NA,NA
SouthDakota,1988,0,NA,NA
SouthDakota,1989,0,NA,NA
SouthDakota,1990,0,NA,NA
SouthDakota,1991,0,NA,NA
SouthDakota,1992,0,NA,NA
SouthDakota,1993,0,NA,NA
SouthDakota,1994,0,3.4,44
SouthDakota,1995,0,NA,NA
SouthDakota,1996,0,3.4,40
SouthDakota,1997,0,3.1,33
SouthDakota,1998,0,NA,NA
SouthDakota,1999,0,NA,NA
SouthDakota,2000,0,2.7,52
SouthDakota,2001,0,NA,NA
SouthDakota,2002,0,3.3,67
SouthDakota,2003,0,3.5,61
SouthDakota,2004,0,NA,NA
SouthDakota,2005,0,3.6,44
SouthDakota,2006,0,3.1,37
SouthDakota,2007,0,NA,NA
SouthDakota,2008,0,NA,NA
Tennessee,1977,1,NA,NA
Tennessee,1978,1,NA,NA
Tennessee,1979,1,NA,NA
Tennessee,1980,1,NA,NA
Tennessee,1981,1,NA,NA
Tennessee,1982,1,NA,NA
Tennessee,1983,1,NA,NA
Tennessee,1984,1,NA,NA
Tennessee,1985,1,NA,NA
Tennessee,1986,1,NA,NA
Tennessee,1987,1,NA,NA
Tennessee,1988,1,NA,NA
Tennessee,1989,1,NA,NA
Tennessee,1990,1,NA,NA
Tennessee,1991,1,6.6,83
Tennessee,1992,1,NA,NA
Tennessee,1993,1,6,48
Tennessee,1994,1,5.1,40
Tennessee,1995,1,5.3,30
Tennessee,1996,1,5.3,49
Tennessee,1997,1,NA,NA
Tennessee,1998,1,NA,NA
Tennessee,1999,1,NA,NA
Tennessee,2000,1,4,50
Tennessee,2001,1,NA,NA
Tennessee,2002,1,5.3,61
Tennessee,2003,1,5.7,61
Tennessee,2004,1,5.4,53
Tennessee,2005,1,5.6,43
Tennessee,2006,1,5.2,37
Tennessee,2007,1,4.8,35
Tennessee,2008,1,6.4,33
Texas,1977,1,NA,NA
Texas,1978,1,NA,NA
Texas,1979,1,NA,NA
Texas,1980,1,NA,NA
Texas,1981,1,NA,NA
Texas,1982,1,NA,NA
Texas,1983,1,NA,NA
Texas,1984,1,NA,NA
Texas,1985,1,NA,NA
Texas,1986,1,8.9,66
Texas,1987,1,8.5,51
Texas,1988,1,7.4,52
Texas,1989,1,6.7,50
Texas,1990,1,6.4,72
Texas,1991,1,NA,NA
Texas,1992,1,7.6,49
Texas,1993,1,7.2,33
Texas,1994,1,6.6,32
Texas,1995,1,6.1,39
Texas,1996,1,5.8,40
Texas,1997,1,NA,NA
Texas,1998,1,4.9,66
Texas,1999,1,4.7,64
Texas,2000,1,4.4,45
Texas,2001,1,NA,NA
Texas,2002,1,6.4,69
Texas,2003,1,6.7,58
Texas,2004,1,6,59
Texas,2005,1,5.4,52
Texas,2006,1,4.9,38
Texas,2007,1,4.4,41
Texas,2008,1,4.9,37
Utah,1977,0,NA,NA
Utah,1978,0,NA,NA
Utah,1979,0,NA,NA
Utah,1980,0,NA,NA
Utah,1981,0,NA,NA
Utah,1982,0,NA,NA
Utah,1983,0,NA,NA
Utah,1984,0,NA,NA
Utah,1985,0,NA,NA
Utah,1986,0,NA,NA
Utah,1987,0,NA,NA
Utah,1988,0,NA,NA
Utah,1989,0,NA,NA
Utah,1990,0,NA,NA
Utah,1991,0,NA,NA
Utah,1992,0,NA,NA
Utah,1993,0,NA,NA
Utah,1994,0,3.9,36
Utah,1995,0,NA,NA
Utah,1996,0,3.5,32
Utah,1997,0,NA,NA
Utah,1998,0,3.7,50
Utah,1999,0,NA,NA
Utah,2000,0,3.4,40
Utah,2001,0,NA,NA
Utah,2002,0,NA,NA
Utah,2003,0,5.7,76
Utah,2004,0,5.1,70
Utah,2005,0,4.1,57
Utah,2006,0,3,59
Utah,2007,0,2.7,61
Utah,2008,0,3.4,49
Vermont,1977,0,NA,NA
Vermont,1978,0,NA,NA
Vermont,1979,0,NA,NA
Vermont,1980,0,NA,NA
Vermont,1981,0,NA,NA
Vermont,1982,0,NA,NA
Vermont,1983,0,NA,NA
Vermont,1984,0,NA,NA
Vermont,1985,0,NA,NA
Vermont,1986,0,4.4,62
Vermont,1987,0,NA,NA
Vermont,1988,0,NA,NA
Vermont,1989,0,NA,NA
Vermont,1990,0,NA,NA
Vermont,1991,0,NA,NA
Vermont,1992,0,NA,NA
Vermont,1993,0,NA,NA
Vermont,1994,0,4.6,45
Vermont,1995,0,NA,NA
Vermont,1996,0,4.4,48
Vermont,1997,0,4,47
Vermont,1998,0,3.1,58
Vermont,1999,0,NA,NA
Vermont,2000,0,2.7,64
Vermont,2001,0,3.3,46
Vermont,2002,0,4,45
Vermont,2003,0,4.5,42
Vermont,2004,0,3.7,38
Vermont,2005,0,3.5,29
Vermont,2006,0,3.7,27
Vermont,2007,0,NA,NA
Vermont,2008,0,NA,NA
Virginia,1977,1,NA,NA
Virginia,1978,1,NA,NA
Virginia,1979,1,NA,NA
Virginia,1980,1,NA,NA
Virginia,1981,1,NA,NA
Virginia,1982,1,NA,NA
Virginia,1983,1,NA,NA
Virginia,1984,1,NA,NA
Virginia,1985,1,5.4,61
Virginia,1986,1,4.9,53
Virginia,1987,1,4.2,54
Virginia,1988,1,4,48
Virginia,1989,1,3.9,69
Virginia,1990,1,NA,NA
Virginia,1991,1,5.9,77
Virginia,1992,1,6.2,38
Virginia,1993,1,5.2,28
Virginia,1994,1,4.7,36
Virginia,1995,1,4.5,39
Virginia,1996,1,4.3,44
Virginia,1997,1,3.7,44
Virginia,1998,1,2.8,66
Virginia,1999,1,2.7,65
Virginia,2000,1,2.3,55
Virginia,2001,1,NA,NA
Virginia,2002,1,4.2,68
Virginia,2003,1,4.1,56
Virginia,2004,1,NA,NA
Virginia,2005,1,3.5,44
Virginia,2006,1,3,40
Virginia,2007,1,3,37
Virginia,2008,1,4,41
Washington,1977,0,NA,NA
Washington,1978,0,NA,NA
Washington,1979,0,NA,NA
Washington,1980,0,NA,NA
Washington,1981,0,NA,NA
Washington,1982,0,NA,NA
Washington,1983,0,NA,NA
Washington,1984,0,NA,NA
Washington,1985,0,NA,NA
Washington,1986,0,NA,NA
Washington,1987,0,7.2,45
Washington,1988,0,NA,NA
Washington,1989,0,NA,NA
Washington,1990,0,NA,NA
Washington,1991,0,6.3,65
Washington,1992,0,NA,NA
Washington,1993,0,7.1,32
Washington,1994,0,6.5,44
Washington,1995,0,6.3,37
Washington,1996,0,5.9,47
Washington,1997,0,4.9,53
Washington,1998,0,4.8,65
Washington,1999,0,NA,NA
Washington,2000,0,5,58
Washington,2001,0,NA,NA
Washington,2002,0,7.3,53
Washington,2003,0,7.4,55
Washington,2004,0,6.2,47
Washington,2005,0,5.5,29
Washington,2006,0,4.9,34
Washington,2007,0,4.5,32
Washington,2008,0,5.3,13
WestVirginia,1977,0,NA,NA
WestVirginia,1978,0,NA,NA
WestVirginia,1979,0,NA,NA
WestVirginia,1980,0,NA,NA
WestVirginia,1981,0,NA,NA
WestVirginia,1982,0,NA,NA
WestVirginia,1983,0,NA,NA
WestVirginia,1984,0,NA,NA
WestVirginia,1985,0,NA,NA
WestVirginia,1986,0,12,63
WestVirginia,1987,0,10.8,36
WestVirginia,1988,0,NA,NA
WestVirginia,1989,0,NA,NA
WestVirginia,1990,0,NA,NA
WestVirginia,1991,0,NA,NA
WestVirginia,1992,0,NA,NA
WestVirginia,1993,0,NA,NA
WestVirginia,1994,0,8.7,41
WestVirginia,1995,0,NA,NA
WestVirginia,1996,0,7.4,48
WestVirginia,1997,0,NA,NA
WestVirginia,1998,0,NA,NA
WestVirginia,1999,0,NA,NA
WestVirginia,2000,0,5.5,55
WestVirginia,2001,0,NA,NA
WestVirginia,2002,0,5.9,82
WestVirginia,2003,0,6,58
WestVirginia,2004,0,5.3,52
WestVirginia,2005,0,4.9,50
WestVirginia,2006,0,4.6,42
WestVirginia,2007,0,4.3,25
WestVirginia,2008,0,NA,NA
Wisconsin,1977,0,NA,NA
Wisconsin,1978,0,NA,NA
Wisconsin,1979,0,NA,NA
Wisconsin,1980,0,NA,NA
Wisconsin,1981,0,NA,NA
Wisconsin,1982,0,NA,NA
Wisconsin,1983,0,NA,NA
Wisconsin,1984,0,NA,NA
Wisconsin,1985,0,NA,NA
Wisconsin,1986,0,NA,NA
Wisconsin,1987,0,NA,NA
Wisconsin,1988,0,NA,NA
Wisconsin,1989,0,NA,NA
Wisconsin,1990,0,NA,NA
Wisconsin,1991,0,NA,NA
Wisconsin,1992,0,NA,NA
Wisconsin,1993,0,4.5,45
Wisconsin,1994,0,4.3,42
Wisconsin,1995,0,3.7,32
Wisconsin,1996,0,3.6,47
Wisconsin,1997,0,3.5,51
Wisconsin,1998,0,3.3,61
Wisconsin,1999,0,3.1,67
Wisconsin,2000,0,3.4,56
Wisconsin,2001,0,NA,NA
Wisconsin,2002,0,5.3,69
Wisconsin,2003,0,5.6,54
Wisconsin,2004,0,5,45
Wisconsin,2005,0,4.8,36
Wisconsin,2006,0,4.7,39
Wisconsin,2007,0,4.7,33
Wisconsin,2008,0,4.7,36
Wyoming,1977,0,NA,NA
Wyoming,1978,0,3,41
Wyoming,1979,0,NA,NA
Wyoming,1980,0,4,25
Wyoming,1981,0,NA,NA
Wyoming,1982,0,6.1,52
Wyoming,1983,0,NA,NA
Wyoming,1984,0,6.3,66
Wyoming,1985,0,NA,NA
Wyoming,1986,0,8.9,62
Wyoming,1987,0,NA,NA
Wyoming,1988,0,6.6,52
Wyoming,1989,0,NA,NA
Wyoming,1990,0,5.3,49
Wyoming,1991,0,NA,NA
Wyoming,1992,0,5.7,29
Wyoming,1993,0,NA,NA
Wyoming,1994,0,5,29
Wyoming,1995,0,NA,NA
Wyoming,1996,0,5.2,35
Wyoming,1997,0,NA,NA
Wyoming,1998,0,4.9,40
Wyoming,1999,0,NA,NA
Wyoming,2000,0,3.8,39
Wyoming,2001,0,NA,NA
Wyoming,2002,0,NA,NA
Wyoming,2003,0,NA,NA
Wyoming,2004,0,NA,NA
Wyoming,2005,0,3.7,55
Wyoming,2006,0,3.3,52
Wyoming,2007,0,2.9,51
Wyoming,2008,0,3.1,47